Rank,Name,HomeTown,Position,Height,Weight,Committed_To,Year,Conference,County
1,Jeremiah Smith,"Opa Locka, FL",WR,6 ft 3 in,214,Ohio State,2024,Big Ten,Miami-Dade County
2,Ellis Robinson IV,"Bradenton, FL",CB,6 ft 1 in,185,Georgia,2024,SEC,Manatee County
3,DJ Lagway,"Willis, TX",QB,6 ft 2 in,225,Florida,2024,SEC,Montgomery County
4,LJ McCray,"Daytona Beach, FL",DL,6 ft 4.5 in,279,Florida,2024,SEC,Volusia County
5,Cam Coleman,"Phenix City, AL",WR,6 ft 3 in,180,Auburn,2024,SEC,Russell County
6,Williams Nwaneri,"Lees Summit, MO",DL,6 ft 6.5 in,260,Missouri,2024,SEC,Jackson County
7,Dylan Raiola,"Buford, GA",QB,6 ft 3 in,230,Nebraska,2024,Big Ten,Gwinnett County
8,Ryan Williams,"Saraland, AL",WR,6 ft 0.5 in,165,Alabama,2024,SEC,Mobile County
9,Jordan Ross,"Birmingham, AL",Edge,6 ft 4.5 in,233,Tennessee,2024,SEC,Jefferson County
10,Justin Williams,"Conroe, TX",LB,6 ft 2 in,205,Georgia,2024,SEC,Montgomery County
11,Justin Scott,"Chicago, IL",DL,6 ft 4 in,310,Miami,2024,ACC,Unknown
12,Jaylen Mbakwe,"Pinson, AL",CB,5 ft 11 in,170,Alabama,2024,SEC,Unknown
13,Jordan Seaton,"Bradenton, FL",OT,6 ft 5 in,287,Colorado,2024,Big-12,Manatee County
14,Sammy Brown,"Jefferson, GA",LB,6 ft 2 in,230,Clemson,2024,ACC,Unknown
15,KJ Bolden,"Buford, GA",S,6 ft 0.5 in,187,Georgia,2024,SEC,Gwinnett County
16,Terry Bussey,"Timpson, TX",ATH,5 ft 10.5 in,180,Texas A&M,2024,SEC,Unknown
17,David Stone,"Oklahoma City, OK",DL,6 ft 4 in,275,Oklahoma,2024,SEC,Unknown
18,Dominick McKinley,"Lafayette, LA",DL,6 ft 5.5 in,280,LSU,2024,SEC,Unknown
19,Dylan Stewart,"Washington, DC",Edge,6 ft 5 in,250,South Carolina,2024,SEC,Unknown
20,Julian Sayin,"Carlsbad, CA",QB,6 ft 1 in,195,Alabama,2024,SEC,Unknown
21,T.J. Moore,"Tampa, FL",WR,6 ft 3 in,195,Clemson,2024,ACC,Unknown
22,Zabien Brown,"Santa Ana, CA",CB,6 ft 0 in,182,Alabama,2024,SEC,Unknown
23,Chris Cole,"Salem, VA",LB,6 ft 3 in,210,Georgia,2024,SEC,Unknown
24,Bryce Young,"Charlotte, NC",DL,6 ft 5.5 in,244,Notre Dame,2024,Independent/ACC,Unknown
25,Micah Hudson,"Temple, TX",WR,6 ft 0 in,190,Texas Tech,2024,Big 12,Unknown
26,Elijah Rushing,"Tucson, AZ",Edge,6 ft 6 in,251,Oregon,2024,Big Ten,Unknown
27,Gatlin Bair,"Burley, ID",WR,6 ft 1 in,194,Oregon,2024,Big Ten,Unknown
28,Colin Simmons,"Duncanville, TX",Edge,6 ft 2 in,230,Texas,2024,SEC,Unknown
29,Luke Reynolds,"Cheshire, CT",TE,6 ft 4 in,220,Penn State,2024,Big Ten,Unknown
30,Amaris Williams,"Clinton, NC",Edge,6 ft 2 in,257,Auburn,2024,SEC,Unknown
31,Zavier Mincey,"Daytona Beach, FL",CB,6 ft 1.5 in,187,Alabama,2024,SEC,Volusia County
32,Ryan Wingo,"Saint Louis, MO",WR,6 ft 1.5 in,210,Texas,2024,SEC,Unknown
1,Arch Manning,"New Orleans, LA",QB,6 ft 4 in,215,Texas,2023,Big 12,Unknown
2,Nico Iamaleava,"Downey, CA",QB,6 ft 5 in,195,Tennessee,2023,SEC,Unknown
3,Keon Keeley,"Tampa, FL",Edge,6 ft 5 in,242,Alabama,2023,SEC,Unknown
4,Dante Moore,"Detroit, MI",QB,6 ft 2.5 in,210,UCLA,2023,Pac-12,Unknown
5,Kadyn Proctor,"Des Moines, IA",OT,6 ft 7 in,330,Alabama,2023,SEC,Unknown
6,Francis Mauigoa,"Bradenton, FL",OT,6 ft 5.5 in,330,Miami,2023,ACC,Manatee County
7,Zachariah Branch,"Las Vegas, NV",WR,5 ft 10 in,172,USC,2023,Pac-12,Unknown
8,Caleb Downs,"Hoschton, GA",S,5 ft 11 in,197,Alabama,2023,SEC,Unknown
9,Adepoju Adebawore,"Kansas City, MO",Edge,6 ft 4 in,240,Oklahoma,2023,Big 12,Unknown
10,Jackson Arnold,"Denton, TX",QB,6 ft 1 in,205,Oklahoma,2023,Big 12,Unknown
11,DJ Hicks,"Katy, TX",DL,6 ft 4 in,290,Texas A&M,2023,SEC,Unknown
12,Jordan Hall,"Jacksonville, FL",DL,6 ft 3.5 in,317,Georgia,2023,SEC,Unknown
13,Malachi Nelson,"Los Alamitos, CA",QB,6 ft 3 in,182,USC,2023,Pac-12,Unknown
14,Cormani McClain,"Lakeland, FL",CB,6 ft 2 in,165,Colorado,2023,Pac-12,Unknown
15,Nyck Harbor,"Washington, DC",ATH,6 ft 5 in,225,South Carolina,2023,SEC,Unknown
16,Lance Heard,"Monroe, LA",OT,6 ft 5.5 in,310,LSU,2023,SEC,Unknown
17,Anthony Hill Jr.,"Denton, TX",LB,6 ft 2 in,225,Texas,2023,Big 12,Unknown
18,Jurrion Dickey,"East Palo Alto, CA",WR,6 ft 3 in,210,Oregon,2023,Pac-12,Unknown
19,Duce Robinson,"Phoenix, AZ",TE,6 ft 6 in,225,USC,2023,Pac-12,Unknown
20,Samson Okunlola,"Brockton, MA",OT,6 ft 5 in,305,Miami,2023,ACC,Unknown
21,Raylen Wilson,"Tallahassee, FL",LB,6 ft 2 in,213,Georgia,2023,SEC,Unknown
22,Carnell Tate,"Bradenton, FL",WR,6 ft 2 in,180,Ohio State,2023,Big Ten,Manatee County
23,Suntarine Perkins,"Raleigh, MS",LB,6 ft 3 in,205,Ole Miss,2023,SEC,Unknown
24,Hykeem Williams,"Fort Lauderdale, FL",WR,6 ft 3 in,200,Florida State,2023,ACC,Unknown
25,J'ven Williams,"Reading, PA",OT,6 ft 4 in,285,Penn State,2023,Big Ten,Unknown
26,Da'Shawn Womack,"Baltimore, MD",Edge,6 ft 4 in,240,LSU,2023,SEC,Unknown
27,A.J. Harris,"Phenix City, AL",CB,6 ft 1 in,180,Georgia,2023,SEC,Russell County
28,Yhonzae Pierre,"Eufaula, AL",Edge,6 ft 3 in,223,Alabama,2023,SEC,Unknown
29,Joenel Aguero,"Lynn, MA",S,6 ft 0 in,195,Georgia,2023,SEC,Unknown
30,CJ Baxter,"Orlando, FL",RB,6 ft 1 in,215,Texas,2023,Big 12,Unknown
31,Rueben Owens,"El Campo, TX",RB,5 ft 11 in,190,Texas A&M,2023,SEC,Unknown
32,Vic Burley,"Warner Robins, GA",DL,6 ft 5 in,276,Clemson,2023,ACC,Unknown
1,Travis Hunter,"Suwanee, GA",CB,6 ft 1 in,165,Jackson State,2022,SWAC,Unknown
2,Walter Nolen,"Powell, TN",DL,6 ft 4 in,325,Texas A&M,2022,SEC,Unknown
3,Drew Allar,"Medina, OH",QB,6 ft 4.5 in,232,Penn State,2022,Big Ten,Unknown
4,Malaki Starks,"Jefferson, GA",ATH,6 ft 1 in,200,Georgia,2022,SEC,Unknown
5,Harold Perkins Jr.,"Cypress, TX",LB,6 ft 2.5 in,210,LSU,2022,SEC,Unknown
6,Evan Stewart,"Frisco, TX",WR,6 ft 0 in,175,Texas A&M,2022,SEC,Unknown
7,Mykel Williams,"Columbus, GA",DL,6 ft 5 in,265,Georgia,2022,SEC,Unknown
8,Josh Conerly Jr.,"Seattle, WA",OT,6 ft 5 in,283,Oregon,2022,Pac-12,Unknown
9,Shemar Stewart,"Opa Locka, FL",DL,6 ft 6 in,272,Texas A&M,2022,SEC,Miami-Dade County
10,C.J. Hicks,"Dayton, OH",LB,6 ft 3 in,215,Ohio State,2022,Big Ten,Unknown
11,Gabriel Brownlow-Dindy,"Lakeland, FL",DL,6 ft 3 in,280,Texas A&M,2022,SEC,Unknown
12,Travis Shaw,"Greensboro, NC",DL,6 ft 5 in,310,North Carolina,2022,ACC,Unknown
13,Cade Klubnik,"Austin, TX",QB,6 ft 2.5 in,186,Clemson,2022,ACC,Unknown
14,Luther Burden III,"East Saint Louis, IL",WR,6 ft 0 in,200,Missouri,2022,SEC,Unknown
15,Domani Jackson,"Santa Ana, CA",CB,6 ft 1 in,185,USC,2022,Pac-12,Unknown
16,Jihaad Campbell,"Bradenton, FL",Edge,6 ft 3 in,215,Alabama,2022,SEC,Manatee County
17,LT Overton,"Alpharetta, GA",DL,6 ft 4.5 in,265,Texas A&M,2022,SEC,Unknown
18,Daylen Everette,"Bradenton, FL",CB,6 ft 1 in,185,Georgia,2022,SEC,Manatee County
19,Nick Singleton,"Reading, PA",RB,6 ft 0 in,210,Penn State,2022,Big Ten,Unknown
20,Zach Rice,"Lynchburg, VA",OT,6 ft 6 in,282,North Carolina,2022,ACC,Unknown
21,Marvin Jones Jr.,"Fort Lauderdale, FL",Edge,6 ft 4.5 in,245,Georgia,2022,SEC,Unknown
22,Conner Weigman,"Cypress, TX",QB,6 ft 2 in,208,Texas A&M,2022,SEC,Unknown
23,DJ Campbell,"Arlington, TX",IOL,6 ft 3 in,310,Texas,2022,Big 12,Unknown
24,Chris Marshall,"Missouri City, TX",WR,6 ft 3 in,195,Texas A&M,2022,SEC,Unknown
25,Xavier Nwankpa,"Altoona, IA",S,6 ft 2 in,200,Iowa,2022,Big Ten,Unknown
26,Jalon Walker,"Salisbury, NC",LB,6 ft 2 in,220,Georgia,2022,SEC,Unknown
27,Sonny Styles,"Pickerington, OH",S,6 ft 4 in,215,Ohio State,2022,Big Ten,Unknown
28,Dani Dennis-Sutton,"Owings Mills, MD",DL,6 ft 5 in,250,Penn State,2022,Big Ten,Unknown
29,Ty Simpson,"Martin, TN",QB,6 ft 2 in,200,Alabama,2022,SEC,Unknown
30,Kelvin Banks Jr.,"Humble, TX",OT,6 ft 5 in,300,Texas,2022,Big 12,Unknown
31,Elijah Pritchett,"Columbus, GA",OT,6 ft 6 in,280,Alabama,2022,SEC,Unknown
32,Anthony Lucas,"Scottsdale, AZ",DL,6 ft 4.5 in,275,Texas A&M,2022,SEC,Unknown
33,Kiyaunta Goodwin,"Charlestown, IN",OT,6 ft 8 in,340,Kentucky,2022,SEC,Unknown
1,Quinn Ewers,"Southlake, TX",QB,6 ft 3 in,206,Ohio State,2021,Big Ten,Unknown
2,J.T. Tuimoloau,"Sammamish, WA",DL,6 ft 4.5 in,277,Ohio State,2021,Big Ten,Unknown
3,Korey Foreman,"Corona, CA",DL,6 ft 4 in,265,USC,2021,Pac-12,Unknown
4,Leonard Taylor III,"Miami, FL",DL,6 ft 4 in,265,Miami,2021,ACC,Unknown
5,JC Latham,"Bradenton, FL",OT,6 ft 6 in,305,Alabama,2021,SEC,Manatee County
6,Jack Sawyer,"Pickerington, OH",DL,6 ft 5 in,248,Ohio State,2021,Big Ten,Unknown
7,Donovan Jackson,"Bellaire, TX",IOL,6 ft 4.5 in,308,Ohio State,2021,Big Ten,Unknown
8,Caleb Williams,"Washington, DC",QB,6 ft 1 in,210,Oklahoma,2021,Big 12,Unknown
9,Emeka Egbuka,"Steilacoom, WA",WR,6 ft 1 in,190,Ohio State,2021,Big Ten,Unknown
10,Tommy Brockermeyer,"Fort Worth, TX",OT,6 ft 6.25 in,283,Alabama,2021,SEC,Unknown
11,TreVeyon Henderson,"Hopewell, VA",RB,5 ft 11 in,195,Ohio State,2021,Big Ten,Unknown
12,Dallas Turner,"Fort Lauderdale, FL",Edge,6 ft 4 in,245,Alabama,2021,SEC,Unknown
13,Kool-Aid McKinstry,"Pinson, AL",CB,6 ft 0.5 in,180,Alabama,2021,SEC,Unknown
14,James Williams,"Opa Locka, FL",S,6 ft 5 in,218,Miami,2021,ACC,Miami-Dade County
15,Amarius Mims,"Cochran, GA",OT,6 ft 7 in,315,Georgia,2021,SEC,Unknown
16,Tristan Leigh,"Fairfax, VA",OT,6 ft 5 in,270,Clemson,2021,ACC,Unknown
17,Nolan Rucci,"Lititz, PA",OT,6 ft 8 in,295,Wisconsin,2021,Big Ten,Unknown
18,Barrett Carter,"Suwanee, GA",LB,6 ft 1 in,220,Clemson,2021,ACC,Unknown
19,Nyland Green,"Covington, GA",CB,6 ft 2 in,183,Georgia,2021,SEC,Unknown
20,Tyrion Ingram-Dawkins,"Gaffney, SC",DL,6 ft 5 in,298,Georgia,2021,SEC,Unknown
21,Smael Mondon,"Dallas, GA",LB,6 ft 3 in,220,Georgia,2021,SEC,Unknown
22,Chop Robinson,"Gaithersburg, MD",Edge,6 ft 3 in,220,Maryland,2021,Big Ten,Unknown
23,Sam Huard,"Bellevue, WA",QB,6 ft 2 in,190,Washington,2021,Pac-12,Unknown
24,Drake Maye,"Charlotte, NC",QB,6 ft 5 in,210,North Carolina,2021,ACC,Unknown
25,Jason Marshall,"Miami, FL",CB,6 ft 2 in,180,Florida,2021,SEC,Unknown
26,Terrion Arnold,"Tallahassee, FL",S,6 ft 0 in,180,Alabama,2021,SEC,Unknown
27,Ja'Corey Brooks,"Bradenton, FL",WR,6 ft 3 in,185,Alabama,2021,SEC,Manatee County
28,Keeshawn Silver,"Rocky Mount, NC",DL,6 ft 6 in,275,North Carolina,2021,ACC,Unknown
29,Deontae Lawson,"Mobile, AL",LB,6 ft 3 in,225,Alabama,2021,SEC,Unknown
30,Ja'Tavion Sanders,"Denton, TX",ATH,6 ft 3.5 in,235,Texas,2021,Big 12,Unknown
31,Maason Smith,"Houma, LA",DL,6 ft 5 in,316,LSU,2021,SEC,Unknown
32,Kingsley Suamataia,"Orem, UT",OT,6 ft 5 in,280,Oregon,2021,Pac-12,Unknown
33,Donovan Edwards,"West Bloomfield, MI",RB,5 ft 11 in,190,Michigan,2021,Big Ten,Unknown
1,Bryce Young,"Santa Ana, CA",DUAL,5 ft 11 in,183,Alabama,2020,SEC,Unknown
2,DJ Uiagalelei,"Bellflower, CA",PRO,6 ft 4.5 in,246,Clemson,2020,ACC,Unknown
3,Bryan Bresee,"Damascus, MD",DT,6 ft 5 in,290,Clemson,2020,ACC,Unknown
4,Julian Fleming,"Catawissa, PA",WR,6 ft 2 in,199,Ohio State,2020,Big Ten,Unknown
5,Will Anderson,"Hampton, GA",WDE,6 ft 3 in,230,Alabama,2020,SEC,Unknown
6,Gervon Dexter,"Lake Wales, FL",DT,6 ft 6.5 in,286,Florida,2020,SEC,Unknown
7,Kelee Ringo,"Scottsdale, AZ",CB,6 ft 2 in,205,Georgia,2020,SEC,Unknown
8,Paris Johnson Jr.,"Cincinnati, OH",OT,6 ft 7 in,290,Ohio State,2020,Big Ten,Unknown
9,Jalen Carter,"Apopka, FL",DT,6 ft 3 in,301,Georgia,2020,SEC,Unknown
10,Arik Gilbert,"Marietta, GA",TE,6 ft 5 in,253,LSU,2020,SEC,Unknown
11,Justin Flowe,"Upland, CA",ILB,6 ft 2 in,225,Oregon,2020,Pac-12,Unknown
12,Trenton Simpson,"Charlotte, NC",OLB,6 ft 3 in,224,Clemson,2020,ACC,Unknown
13,Drew Sanders,"Denton, TX",ATH,6 ft 5 in,232,Alabama,2020,SEC,Unknown
14,Myles Murphy,"Powder Springs, GA",SDE,6 ft 5 in,260,Clemson,2020,ACC,Unknown
15,Jaxon Smith-Njigba,"Rockwall, TX",WR,6 ft 1 in,188,Ohio State,2020,Big Ten,Unknown
16,Jaylon Jones,"Cibolo, TX",S,6 ft 1.5 in,190,Texas A&M,2020,SEC,Unknown
17,Jordan Burch,"Columbia, SC",DT,6 ft 5 in,275,South Carolina,2020,SEC,Unknown
18,Eli Ricks,"Rancho Cucamonga, CA",CB,6 ft 2 in,192,LSU,2020,SEC,Unknown
19,Noah Sewell,"Orem, UT",ILB,6 ft 2 in,266,Oregon,2020,Pac-12,Unknown
20,Kayshon Boutte,"New Iberia, LA",WR,6 ft 0 in,180,LSU,2020,SEC,Unknown
21,Bijan Robinson,"Tucson, AZ",RB,6 ft 0 in,200,Texas,2020,Big 12,Unknown
22,Demorie Tate,"Orlando, FL",CB,6 ft 1 in,189,Florida State,2020,ACC,Unknown
23,Michael Mayer,"Alexandria, KY",TE,6 ft 4 in,232,Notre Dame,2020,Independent/ACC,Unknown
24,Curtis Jacobs,"Owings Mills, MD",OLB,6 ft 2 in,220,Penn State,2020,Big Ten,Unknown
25,Demarkcus Bowman,"Lakeland, FL",RB,5 ft 9 in,191,Clemson,2020,ACC,Unknown
26,Jack Nelson,"Stoughton, WI",OT,6 ft 7 in,273,Wisconsin,2020,Big Ten,Unknown
27,Peter Skoronski,"Park Ridge, IL",OC,6 ft 4 in,275,Northwestern,2020,Big Ten,Unknown
28,Tim Smith,"Sebastian, FL",DT,6 ft 4 in,320,Alabama,2020,SEC,Unknown
29,C.J. Stroud,"Rancho Cucamonga, CA",PRO,6 ft 2.5 in,194,Ohio State,2020,Big Ten,Unknown
30,Broderick Jones,"Lithonia, GA",OT,6 ft 5 in,298,Georgia,2020,SEC,Unknown
31,Demond Demas,"Tomball, TX",WR,6 ft 3 in,182,Texas A&M,2020,SEC,Unknown
32,Alfred Collins,"Bastrop, TX",SDE,6 ft 5 in,284,Texas,2020,Big 12,Unknown
1,Antonio Alfano,"Colonia, NJ",SDE,6 ft 4 in,285,Alabama,2019,SEC,Unknown
2,Derek Stingley,"Baton Rouge, LA",CB,6 ft 0.5 in,188,LSU,2019,SEC,Unknown
3,DeMarvin Leal,"Converse, TX",DT,6 ft 4 in,289,Texas A&M,2019,SEC,Unknown
4,Nolan Smith,"Bradenton, FL",WDE,6 ft 3 in,227,Georgia,2019,SEC,Manatee County
5,Travon Walker,"Thomaston, GA",DT,6 ft 5 in,285,Georgia,2019,SEC,Unknown
6,Kayvon Thibodeaux,"Thousand Oaks, CA",WDE,6 ft 4.5 in,239,Oregon,2019,Pac-12,Unknown
7,Logan Brown,"Grand Rapids, MI",OT,6 ft 6 in,305,Wisconsin,2019,Big Ten,Unknown
8,Charles Cross,"Laurel, MS",OT,6 ft 5 in,270,Mississippi State,2019,SEC,Unknown
9,Spencer Rattler,"Phoenix, AZ",PRO,6 ft 1 in,198,Oklahoma,2019,Big 12,Unknown
10,Bru McCoy,"Santa Ana, CA",ATH,6 ft 2 in,205,Texas,2019,Big 12,Unknown
11,John Emery Jr.,"Destrehan, LA",RB,5 ft 11 in,206,LSU,2019,SEC,Unknown
12,Brandon Smith,"Mineral, VA",ILB,6 ft 4 in,228,Penn State,2019,Big Ten,Unknown
13,Lance Dixon,"West Bloomfield, MI",OLB,6 ft 2 in,201,Penn State,2019,Big Ten,Unknown
14,Trey Sanders,"Bradenton, FL",RB,6 ft 0 in,214,Alabama,2019,SEC,Manatee County
15,Kyle Hamilton,"Atlanta, GA",S,6 ft 3 in,190,Notre Dame,2019,Independent/ACC,Unknown
16,Baylor Cupp,"Brock, TX",TE,6 ft 6 in,240,Texas A&M,2019,SEC,Unknown
17,Marcel Brooks,"Flower Mound, TX",OLB,6 ft 2 in,195,LSU,2019,SEC,Unknown
18,Zacch Pickens,"Anderson, SC",DT,6 ft 3 in,293,South Carolina,2019,SEC,Unknown
19,Jadon Haselwood,"Ellenwood, GA",WR,6 ft 2.5 in,196,Oklahoma,2019,Big 12,Unknown
20,Tyrique Stevenson,"Homestead, FL",CB,6 ft 0.5 in,202,Georgia,2019,SEC,Unknown
21,Nakobe Dean,"Horn Lake, MS",ILB,6 ft 0 in,220,Georgia,2019,SEC,Unknown
22,Zach Harrison,"Lewis Center, OH",SDE,6 ft 5 in,253,Ohio State,2019,Big Ten,Unknown
23,Daxton Hill,"Tulsa, OK",S,6 ft 0.5 in,186,Michigan,2019,Big Ten,Unknown
24,Tyler Owens,"Plano, TX",S,6 ft 2 in,197,Texas,2019,Big 12,Unknown
25,Darnell Wright,"Huntington, WV",OT,6 ft 6 in,320,Tennessee,2019,SEC,Unknown
26,Jerrion Ealy,"Flowood, MS",RB,5 ft 10 in,200,Ole Miss,2019,SEC,Unknown
27,George Karlaftis,"West Lafayette, IN",SDE,6 ft 4 in,265,Purdue,2019,Big Ten,Unknown
28,Owen Pappoe,"Loganville, GA",OLB,6 ft 0 in,210,Auburn,2019,SEC,Unknown
29,Garrett Wilson,"Austin, TX",WR,5 ft 11.5 in,175,Ohio State,2019,Big Ten,Unknown
30,Scooby Carter,"Mansfield, TX",CB,6 ft 0 in,186,Alabama,2019,SEC,Unknown
31,Kyle Ford,"Orange, CA",WR,6 ft 2 in,212,USC,2019,Pac-12,Unknown
32,Evan Neal,"Bradenton, FL",OT,6 ft 7.5 in,360,Alabama,2019,SEC,Manatee County
1,Trevor Lawrence,"Cartersville, GA",PRO,6 ft 6 in,208,Clemson,2018,ACC,Unknown
2,Justin Fields,"Kennesaw, GA",DUAL,6 ft 3 in,221,Georgia,2018,SEC,Unknown
3,Eyabi Okie-Anoma,"Baltimore, MD",WDE,6 ft 5 in,235,Alabama,2018,SEC,Unknown
4,Xavier Thomas,"Bradenton, FL",SDE,6 ft 3 in,260,Clemson,2018,ACC,Manatee County
5,Micah Parsons,"Harrisburg, PA",WDE,6 ft 3 in,235,Penn State,2018,Big Ten,Unknown
6,JT Daniels,"Santa Ana, CA",PRO,6 ft 2 in,205,USC,2018,Pac-12,Unknown
7,Justin Shorter,"Monmouth Junction, NJ",WR,6 ft 4 in,213,Penn State,2018,Big Ten,Unknown
8,Jamaree Salyer,"Atlanta, GA",OG,6 ft 4 in,342,Georgia,2018,SEC,Unknown
9,Nicholas Petit-Frere,"Tampa, FL",OT,6 ft 6 in,272,Ohio State,2018,Big Ten,Unknown
10,Amon-Ra St. Brown,"Anaheim, CA",WR,5 ft 11.5 in,191,USC,2018,Pac-12,Unknown
11,Patrick Surtain II,"Fort Lauderdale, FL",CB,6 ft 1.25 in,199,Alabama,2018,SEC,Unknown
12,Tyson Campbell,"Fort Lauderdale, FL",CB,6 ft 2.5 in,180,Georgia,2018,SEC,Unknown
13,Zamir White,"Laurinburg, NC",RB,6 ft 1 in,210,Georgia,2018,SEC,Unknown
14,Jordyn Adams,"Cary, NC",WR,6 ft 2 in,175,North Carolina,2018,ACC,Unknown
15,Brey Walker,"Moore, OK",OT,6 ft 7 in,320,Oklahoma,2018,Big 12,Unknown
16,Jalen Redmond,"Oklahoma City, OK",WDE,6 ft 4 in,233,Oklahoma,2018,Big 12,Unknown
17,Jalen Green,"Houston, TX",CB,6 ft 0 in,171,Texas,2018,Big 12,Unknown
18,Jeremy Ruckert,"Lindenhurst, NY",TE,6 ft 5.5 in,238,Ohio State,2018,Big Ten,Unknown
19,Ja'Marr Chase,"Metairie, LA",WR,6 ft 1 in,195,LSU,2018,SEC,Unknown
20,Terrace Marshall,"Bossier City, LA",WR,6 ft 2.5 in,192,LSU,2018,SEC,Unknown
21,Ale Kaho,"Reno, NV",ILB,6 ft 1 in,218,Alabama,2018,SEC,Unknown
22,Palaie Gaoteote IV,"Las Vegas, NV",ILB,6 ft 2 in,235,USC,2018,Pac-12,Unknown
23,Channing Tindall,"Columbia, SC",ILB,6 ft 2 in,213,Georgia,2018,SEC,Unknown
24,Cameron McGrone,"Indianapolis, IN",OLB,6 ft 1 in,215,Michigan,2018,Big Ten,Unknown
25,Josh Belk,"Richburg, SC",DT,6 ft 3 in,309,Clemson,2018,ACC,Unknown
26,KJ Henry,"Clemmons, NC",WDE,6 ft 5.5 in,235,Clemson,2018,ACC,Unknown
27,Adam Anderson,"Rome, GA",OLB,6 ft 4 in,214,Georgia,2018,SEC,Unknown
28,DeMarvion Overshown,"Arp, TX",S,6 ft 4 in,200,Texas,2018,Big 12,Unknown
29,Talanoa Hufanga,"Corvallis, OR",ATH,6 ft 0.5 in,193,USC,2018,Pac-12,Unknown
30,Derion Kendrick,"Rock Hill, SC",WR,6 ft 1 in,184,Clemson,2018,ACC,Unknown
31,Quay Walker,"Cordele, GA",OLB,6 ft 4 in,236,Georgia,2018,SEC,Unknown
32,Caden Sterns,"Cibolo, TX",S,6 ft 1 in,192,Texas,2018,Big 12,Unknown
1,Walker Little,"Bellaire, TX",OT,6 ft 7 in,315,Stanford,2017,Pac-12,Unknown
2,Jaelan Phillips,"Redlands, CA",WDE,6 ft 5.5 in,253,UCLA,2017,Pac-12,Unknown
3,Alex Leatherwood,"Pensacola, FL",OT,6 ft 6 in,327,Alabama,2017,SEC,Unknown
4,Chase Young,"Hyattsville, MD",WDE,6 ft 5 in,251,Ohio State,2017,Big Ten,Unknown
5,Trey Smith,"Jackson, TN",OT,6 ft 5 in,310,Tennessee,2017,SEC,Unknown
6,A.J. Epenesa,"Edwardsville, IL",SDE,6 ft 5 in,260,Iowa,2017,Big Ten,Unknown
7,Cam Akers,"Clinton, MS",RB,5 ft 11 in,213,Florida State,2017,ACC,Unknown
8,Foster Sarell,"Graham, WA",OT,6 ft 6.5 in,311,Stanford,2017,Pac-12,Unknown
9,Najee Harris,"Antioch, CA",RB,6 ft 3 in,226,Alabama,2017,SEC,Unknown
10,Baron Browning,"Kennedale, TX",OLB,6 ft 2 in,229,Ohio State,2017,Big Ten,Unknown
11,K'Lavon Chaisson,"Houston, TX",WDE,6 ft 4 in,220,LSU,2017,SEC,Unknown
12,Jeff Okudah,"Grand Prairie, TX",CB,6 ft 1.5 in,190,Ohio State,2017,Big Ten,Unknown
13,Marlon Tuipulotu,"Independence, OR",DT,6 ft 2 in,295,USC,2017,Pac-12,Unknown
14,Jay Tufele,"South Jordan, UT",DT,6 ft 3 in,297,USC,2017,Pac-12,Unknown
15,LaBryan Ray,"Madison, AL",SDE,6 ft 4 in,260,Alabama,2017,SEC,Unknown
16,Shaun Wade,"Jacksonville, FL",CB,6 ft 1 in,177,Ohio State,2017,Big Ten,Unknown
17,Richard LeCounte III,"Riceboro, GA",S,5 ft 10.5 in,174,Georgia,2017,SEC,Unknown
18,T.D. Moultry,"Birmingham, AL",ILB,6 ft 2 in,225,Auburn,2017,SEC,Jefferson County
19,Davis Mills,"Norcross, GA",PRO,6 ft 3 in,192,Stanford,2017,Pac-12,Unknown
20,Joshua Kaindoh,"Bradenton, FL",WDE,6 ft 6 in,250,Florida State,2017,ACC,Manatee County
21,Austin Jackson,"Phoenix, AZ",OT,6 ft 6 in,280,USC,2017,Pac-12,Unknown
22,Tua Tagovailoa,"Honolulu, HI",DUAL,6 ft 1 in,212,Alabama,2017,SEC,Unknown
23,JaCoby Stevens,"Murfreesboro, TN",S,6 ft 1 in,200,LSU,2017,SEC,Unknown
24,Henry Ruggs III,"Montgomery, AL",WR,6 ft 0 in,175,Alabama,2017,SEC,Unknown
25,Calvin Ashley,"Washington, DC",OT,6 ft 6 in,310,Auburn,2017,SEC,Unknown
26,Donovan Peoples-Jones,"Detroit, MI",WR,6 ft 2 in,193,Michigan,2017,Big Ten,Unknown
27,Robert Barnes,"Southlake, TX",S,6 ft 3 in,194,Oklahoma,2017,Big 12,Unknown
28,Colby Parkinson,"Thousand Oaks, CA",TE,6 ft 7 in,228,Stanford,2017,Pac-12,Unknown
29,DeVonta Smith,"Amite, LA",WR,6 ft 1 in,160,Alabama,2017,SEC,Unknown
30,Aubrey Solomon,"Leesburg, GA",DT,6 ft 3.25 in,288,Michigan,2017,Big Ten,Unknown
31,Marvin Wilson,"Bellaire, TX",DT,6 ft 4 in,329,Florida State,2017,ACC,Unknown
32,Dylan Moses,"Bradenton, FL",OLB,6 ft 2.5 in,235,Alabama,2017,SEC,Manatee County
1,Walker Little,"Bellaire, TX",OT,6 ft 7 in,315,Stanford,2017,Pac-12,Unknown
2,Jaelan Phillips,"Redlands, CA",WDE,6 ft 5.5 in,253,UCLA,2017,Pac-12,Unknown
3,Alex Leatherwood,"Pensacola, FL",OT,6 ft 6 in,327,Alabama,2017,SEC,Unknown
4,Chase Young,"Hyattsville, MD",WDE,6 ft 5 in,251,Ohio State,2017,Big Ten,Unknown
5,Trey Smith,"Jackson, TN",OT,6 ft 5 in,310,Tennessee,2017,SEC,Unknown
6,A.J. Epenesa,"Edwardsville, IL",SDE,6 ft 5 in,260,Iowa,2017,Big Ten,Unknown
7,Cam Akers,"Clinton, MS",RB,5 ft 11 in,213,Florida State,2017,ACC,Unknown
8,Foster Sarell,"Graham, WA",OT,6 ft 6.5 in,311,Stanford,2017,Pac-12,Unknown
9,Najee Harris,"Antioch, CA",RB,6 ft 3 in,226,Alabama,2017,SEC,Unknown
10,Baron Browning,"Kennedale, TX",OLB,6 ft 2 in,229,Ohio State,2017,Big Ten,Unknown
11,K'Lavon Chaisson,"Houston, TX",WDE,6 ft 4 in,220,LSU,2017,SEC,Unknown
12,Jeff Okudah,"Grand Prairie, TX",CB,6 ft 1.5 in,190,Ohio State,2017,Big Ten,Unknown
13,Marlon Tuipulotu,"Independence, OR",DT,6 ft 2 in,295,USC,2017,Pac-12,Unknown
14,Jay Tufele,"South Jordan, UT",DT,6 ft 3 in,297,USC,2017,Pac-12,Unknown
15,LaBryan Ray,"Madison, AL",SDE,6 ft 4 in,260,Alabama,2017,SEC,Unknown
16,Shaun Wade,"Jacksonville, FL",CB,6 ft 1 in,177,Ohio State,2017,Big Ten,Unknown
17,Richard LeCounte III,"Riceboro, GA",S,5 ft 10.5 in,174,Georgia,2017,SEC,Unknown
18,T.D. Moultry,"Birmingham, AL",ILB,6 ft 2 in,225,Auburn,2017,SEC,Jefferson County
19,Davis Mills,"Norcross, GA",PRO,6 ft 3 in,192,Stanford,2017,Pac-12,Unknown
20,Joshua Kaindoh,"Bradenton, FL",WDE,6 ft 6 in,250,Florida State,2017,ACC,Manatee County
21,Austin Jackson,"Phoenix, AZ",OT,6 ft 6 in,280,USC,2017,Pac-12,Unknown
22,Tua Tagovailoa,"Honolulu, HI",DUAL,6 ft 1 in,212,Alabama,2017,SEC,Unknown
23,JaCoby Stevens,"Murfreesboro, TN",S,6 ft 1 in,200,LSU,2017,SEC,Unknown
24,Henry Ruggs III,"Montgomery, AL",WR,6 ft 0 in,175,Alabama,2017,SEC,Unknown
25,Calvin Ashley,"Washington, DC",OT,6 ft 6 in,310,Auburn,2017,SEC,Unknown
26,Donovan Peoples-Jones,"Detroit, MI",WR,6 ft 2 in,193,Michigan,2017,Big Ten,Unknown
27,Robert Barnes,"Southlake, TX",S,6 ft 3 in,194,Oklahoma,2017,Big 12,Unknown
28,Colby Parkinson,"Thousand Oaks, CA",TE,6 ft 7 in,228,Stanford,2017,Pac-12,Unknown
29,DeVonta Smith,"Amite, LA",WR,6 ft 1 in,160,Alabama,2017,SEC,Unknown
30,Aubrey Solomon,"Leesburg, GA",DT,6 ft 3.25 in,288,Michigan,2017,Big Ten,Unknown
31,Marvin Wilson,"Bellaire, TX",DT,6 ft 4 in,329,Florida State,2017,ACC,Unknown
32,Dylan Moses,"Bradenton, FL",OLB,6 ft 2.5 in,235,Alabama,2017,SEC,Manatee County
1,Rashan Gary,"Paramus, NJ",DT,6 ft 5 in,293,Michigan,2016,Big Ten,Unknown
2,Dexter Lawrence,"Wake Forest, NC",DT,6 ft 4 in,327,Clemson,2016,ACC,Unknown
3,Shea Patterson,"Bradenton, FL",PRO,6 ft 1.5 in,192,Ole Miss,2016,SEC,Manatee County
4,Jacob Eason,"Lake Stevens, WA",PRO,6 ft 5.5 in,208,Georgia,2016,SEC,Unknown
5,Greg Little,"Allen, TX",OT,6 ft 5.5 in,305,Ole Miss,2016,SEC,Unknown
6,Derrick Brown,"Buford, GA",DT,6 ft 3.75 in,317,Auburn,2016,SEC,Gwinnett County
7,Ed Oliver,"Houston, TX",DT,6 ft 2 in,277,Houston,2016,American Athletic,Unknown
8,Tommy Kraemer,"Cincinnati, OH",OT,6 ft 5.5 in,309,Notre Dame,2016,Independent/ACC,Unknown
9,Oluwole Betiku Jr.,"Gardena, CA",WDE,6 ft 3.5 in,240,USC,2016,Pac-12,Unknown
10,Nick Bosa,"Fort Lauderdale, FL",SDE,6 ft 4 in,265,Ohio State,2016,Big Ten,Unknown
11,Levonta Taylor,"Virginia Beach, VA",CB,5 ft 11 in,182,Florida State,2016,ACC,Unknown
12,Landon Young,"Lexington, KY",OT,6 ft 7 in,270,Kentucky,2016,SEC,Unknown
13,Ben Davis,"Gordo, AL",ILB,6 ft 3 in,240,Alabama,2016,SEC,Unknown
14,Tavien Feaster,"Spartanburg, SC",APB,5 ft 11 in,196,Clemson,2016,ACC,Unknown
15,Ben Cleveland,"Toccoa, GA",OT,6 ft 6 in,319,Georgia,2016,SEC,Unknown
16,Demetris Robertson,"Savannah, GA",WR,5 ft 11.75 in,175,California,2016,Pac-12,Unknown
17,Landon Dickerson,"Hudson, NC",OT,6 ft 5 in,300,Florida State,2016,ACC,Unknown
18,Michael Divinity,"Marrero, LA",OLB,6 ft 2 in,218,LSU,2016,SEC,Unknown
19,Mack Wilson,"Montgomery, AL",OLB,6 ft 2 in,220,Alabama,2016,SEC,Unknown
20,Rashard Lawrence,"Monroe, LA",DT,6 ft 3 in,305,LSU,2016,SEC,Unknown
21,Michael Pittman Jr.,"Thousand Oaks, CA",WR,6 ft 4 in,209,USC,2016,Pac-12,Unknown
22,Brian Burns,"Fort Lauderdale, FL",WDE,6 ft 4.5 in,209,Florida State,2016,ACC,Unknown
23,Terrell Lewis,"Washington, DC",WDE,6 ft 5 in,250,Alabama,2016,SEC,Unknown
24,Jonah Williams,"Folsom, CA",OT,6 ft 5 in,280,Alabama,2016,SEC,Unknown
25,Jack Jones,"Long Beach, CA",CB,5 ft 11 in,164,USC,2016,Pac-12,Unknown
26,Michal Menet,"Reading, PA",OG,6 ft 5 in,283,Penn State,2016,Big Ten,Unknown
27,Mecole Hardman,"Elberton, GA",ATH,5 ft 10 in,169,Georgia,2016,SEC,Unknown
28,Kristian Fulton,"Metairie, LA",CB,6 ft 0 in,177,LSU,2016,SEC,Unknown
29,Shane Simmons,"Hyattsville, MD",WDE,6 ft 4 in,221,Penn State,2016,Big Ten,Unknown
30,Curtis Robinson,"Santa Ana, CA",OLB,6 ft 2.75 in,210,Stanford,2016,Pac-12,Unknown
31,McTelvin Agim,"Hope, AR",SDE,6 ft 2.5 in,268,Arkansas,2016,SEC,Unknown
32,Jonathon Cooper,"Columbus, OH",WDE,6 ft 2.25 in,234,Ohio State,2016,Big Ten,Unknown
1,Trenton Thompson,"Albany, GA",DT,6 ft 2.5 in,313,Georgia,2015,SEC,Unknown
2,Martez Ivey,"Apopka, FL",OT,6 ft 5.5 in,275,Florida,2015,SEC,Unknown
3,Kahlil McKenzie,"Concord, CA",DT,6 ft 3 in,339,Tennessee,2015,SEC,Unknown
4,Derwin James,"Auburndale, FL",S,6 ft 2 in,201,Florida State,2015,ACC,Unknown
5,Iman Marshall,"Long Beach, CA",CB,6 ft 1 in,190,USC,2015,Pac-12,Unknown
6,Josh Sweat,"Chesapeake, VA",WDE,6 ft 5 in,240,Florida State,2015,ACC,Unknown
7,Byron Cowart,"Seffner, FL",SDE,6 ft 4 in,250,Auburn,2015,SEC,Unknown
8,Terry Beckner Jr.,"East Saint Louis, IL",DT,6 ft 4 in,293,Missouri,2015,SEC,Unknown
9,Kevin Toliver II,"Jacksonville, FL",CB,6 ft 2 in,185,LSU,2015,SEC,Unknown
10,Donte Jackson,"New Orleans, LA",ATH,5 ft 11 in,164,LSU,2015,SEC,Unknown
11,CeCe Jefferson,"Glen Saint Mary, FL",SDE,6 ft 2 in,275,Florida,2015,SEC,Unknown
12,Malik Jefferson,"Mesquite, TX",OLB,6 ft 2.5 in,215,Texas,2015,Big 12,Unknown
13,Jarrett Stidham,"Stephenville, TX",DUAL,6 ft 4 in,195,Baylor,2015,Big 12,Unknown
14,Deon Cain,"Tampa, FL",WR,6 ft 1.5 in,194,Clemson,2015,ACC,Unknown
15,Rasheem Green,"Gardena, CA",DT,6 ft 5 in,275,USC,2015,Pac-12,Unknown
16,Josh Rosen,"Bellflower, CA",PRO,6 ft 4 in,205,UCLA,2015,Pac-12,Unknown
17,Calvin Ridley,"Pompano Beach, FL",WR,6 ft 0 in,170,Alabama,2015,SEC,Unknown
18,Daylon Mack,"Gladewater, TX",DT,6 ft 1 in,330,Texas A&M,2015,SEC,Unknown
19,Tarvarus McFadden,"Fort Lauderdale, FL",CB,6 ft 2 in,198,Florida State,2015,ACC,Unknown
20,Justin Hilliard,"Cincinnati, OH",OLB,6 ft 0 in,225,Ohio State,2015,Big Ten,Unknown
21,Kyle Phillips,"Nashville, TN",SDE,6 ft 3.5 in,250,Tennessee,2015,SEC,Unknown
22,Chidi Okeke,"Ludowici, GA",OT,6 ft 6 in,305,LSU,2015,SEC,Unknown
23,Blake Barnett,"Corona, CA",PRO,6 ft 4.5 in,200,Alabama,2015,SEC,Unknown
24,Christian Wilkins,"Suffield, CT",DT,6 ft 4 in,290,Clemson,2015,ACC,Unknown
25,Osa Masina,"Salt Lake City, UT",OLB,6 ft 3.5 in,230,USC,2015,Pac-12,Unknown
26,Canton Kaumatule,"Honolulu, HI",SDE,6 ft 7 in,290,Oregon,2015,Pac-12,Unknown
27,Mitch Hyatt,"Suwanee, GA",OT,6 ft 5 in,272,Clemson,2015,ACC,Unknown
28,Porter Gustin,"Salem, UT",OLB,6 ft 5 in,245,USC,2015,Pac-12,Unknown
29,Preston Williams,"Hampton, GA",WR,6 ft 4 in,191,Tennessee,2015,SEC,Unknown
30,Kyler Murray,"Allen, TX",DUAL,5 ft 10 in,180,Texas A&M,2015,SEC,Unknown
31,Kendall Sheffield,"Missouri City, TX",CB,6 ft 0 in,181,Alabama,2015,SEC,Unknown
32,Javon Patterson,"Petal, MS",OG,6 ft 2.5 in,317,Ole Miss,2015,SEC,Unknown
1,Myles Garrett,"Arlington, TX",WDE,6 ft 4 in,240,Texas A&M,2014,SEC,Unknown
2,Leonard Fournette,"New Orleans, LA",RB,6 ft 1 in,226,LSU,2014,SEC,Unknown
3,Cam Robinson,"West Monroe, LA",OT,6 ft 7 in,335,Alabama,2014,SEC,Unknown
4,Jabrill Peppers,"Paramus, NJ",ATH,6 ft 0 in,205,Michigan,2014,Big Ten,Unknown
5,Kyle Allen,"Scottsdale, AZ",PRO,6 ft 3 in,200,Texas A&M,2014,SEC,Unknown
6,Speedy Noil,"New Orleans, LA",WR,5 ft 10.5 in,176,Texas A&M,2014,SEC,Unknown
7,Da'Shawn Hand,"Woodbridge, VA",SDE,6 ft 4 in,265,Alabama,2014,SEC,Unknown
8,Quin Blanding,"Virginia Beach, VA",S,6 ft 2 in,200,Virginia,2014,ACC,Unknown
9,Andrew Brown,"Chesapeake, VA",DT,6 ft 4 in,282,Virginia,2014,ACC,Unknown
10,Marlon Humphrey,"Hoover, AL",CB,6 ft 1 in,175,Alabama,2014,SEC,Unknown
11,Rashaan Evans,"Auburn, AL",OLB,6 ft 3 in,220,Alabama,2014,SEC,Unknown
12,Dalvin Cook,"Miami, FL",RB,5 ft 11 in,190,Florida State,2014,ACC,Unknown
13,Dante Booker,"Akron, OH",OLB,6 ft 3 in,212,Ohio State,2014,Big Ten,Unknown
14,Christian Miller,"Columbia, SC",OLB,6 ft 4 in,222,Alabama,2014,SEC,Unknown
15,Royce Freeman,"Imperial, CA",RB,5 ft 11.5 in,215,Oregon,2014,Pac-12,Unknown
16,Tony Brown,"Beaumont, TX",CB,6 ft 0 in,188,Alabama,2014,SEC,Unknown
17,Nick Chubb,"Cedartown, GA",RB,5 ft 11 in,216,Georgia,2014,SEC,Unknown
18,Thomas Holley,"Brooklyn, NY",DT,6 ft 4 in,285,Florida,2014,SEC,Unknown
19,Teez Tabor,"Washington, DC",CB,6 ft 1 in,182,Florida,2014,SEC,Unknown
20,Lorenzo Carter,"Norcross, GA",WDE,6 ft 5 in,232,Georgia,2014,SEC,Unknown
21,Matt Elam,"Elizabethtown, KY",DT,6 ft 5 in,372,Kentucky,2014,SEC,Unknown
22,Tre' Williams,"Mobile, AL",ILB,6 ft 3 in,237,Auburn,2014,SEC,Unknown
23,Travis Rudolph,"West Palm Beach, FL",WR,6 ft 1 in,185,Florida State,2014,ACC,Unknown
24,Adoree' Jackson,"Gardena, CA",CB,5 ft 9.5 in,182,USC,2014,Pac-12,Unknown
25,Rod Taylor,"Jackson, MS",OG,6 ft 3.5 in,305,Ole Miss,2014,SEC,Unknown
26,Gerald Willis,"New Orleans, LA",DT,6 ft 3 in,275,Florida,2014,SEC,Unknown
27,Joe Mixon,"Oakley, CA",APB,6 ft 2 in,195,Oklahoma,2014,Big 12,Unknown
28,Raekwon McMillan,"Hinesville, GA",ILB,6 ft 2 in,242,Ohio State,2014,Big Ten,Unknown
29,Chad Thomas,"Miami, FL",WDE,6 ft 5 in,240,Miami,2014,ACC,Unknown
30,Malachi Dupre,"New Orleans, LA",WR,6 ft 2.5 in,187,LSU,2014,SEC,Unknown
31,Clifton Garrett,"Plainfield, IL",OLB,6 ft 2 in,228,LSU,2014,SEC,Unknown
32,Jalen Hurd,"Hendersonville, TN",ATH,6 ft 3 in,230,Tennessee,2014,SEC,Unknown
